"name","total_sales"
"Fredericksburg",31526794.0837359
"Northeast DC",15328728.9311195
"Richmond",38183522.2986017
"Virginia Beach",117892562.356543
"Winchester",42355085.4372057
