"name","total_sales"
"Fredericksburg",26644778.7503821
"Northeast DC",57789021.6992295
"Richmond",92724007.1450939
"Virginia Beach",203860356.663126
"Winchester",38116905.8716775
